,count,mean,std,min,25%,50%,75%,max,skew,kurtosis
Age,4657.0,37.13,8.95,18.0,31.0,36.0,42.0,61.0,0.474,-0.163
DurationOfPitch,4657.0,15.43,8.35,5.0,9.0,13.0,19.0,127.0,1.842,12.904
NumberOfPersonVisiting,4657.0,2.89,0.73,1.0,2.0,3.0,3.0,5.0,0.046,-0.777
NumberOfFollowups,4657.0,3.7,1.0,1.0,3.0,4.0,4.0,6.0,-0.355,0.624
PreferredPropertyStar,4657.0,3.58,0.8,3.0,3.0,3.0,4.0,5.0,0.907,-0.82
NumberOfTrips,4657.0,3.23,1.85,1.0,2.0,3.0,4.0,22.0,1.478,6.245
PitchSatisfactionScore,4657.0,3.07,1.36,1.0,2.0,3.0,4.0,5.0,-0.126,-1.1
NumberOfChildrenVisiting,4657.0,1.17,0.86,0.0,1.0,1.0,2.0,3.0,0.285,-0.599
MonthlyIncome,4657.0,22961.32,4378.08,1000.0,20346.0,22104.0,24980.0,40244.0,0.942,1.047
